Emp ID,Name Prefix,First Name,Middle Initial,Last Name,Gender,E Mail,Date of Birth,Date of Joining,Salary
198429,Mrs.,Serafina,I,Bumgarner,F,serafina.bumgarner@exxonmobil.com,9/21/1982,2/1/2008,69294
198529,Mrs.,Serafina,I,Bumgarner,F,serafina.bumgarner@exxonmobil.com,9/21/1982,2/1/2008,69294
784160,Dr.,Corey,A,Jackman,M,corey.jackman@gmail.com,4/12/1959,6/29/1984,57616
744723,Hon.,Bibi,H,Paddock,F,bibi.paddock@yahoo.co.in,10/20/1991,11/2/2016,87148
423093,Mr.,Eric,O,Manning,M,eric.manning@yahoo.com,11/2/1980,10/28/2002,149363
207808,Ms.,Renetta,T,Hafner,F,renetta.hafner@aol.com,1/29/1975,8/22/1998,180289
338634,Ms.,Paz,T,Pearman,F,paz.pearman@gmail.com,2/28/1960,5/25/1982,144804
324573,Hon.,Ardath,Q,Forman,F,ardath.forman@gmail.com,11/12/1982,10/16/2009,189373
953724,Mrs.,Nanci,D,Osorio,F,nanci.osorio@hotmail.com,7/9/1982,11/7/2003,71321
138700,Ms.,Maricela,H,Simard,F,maricela.simard@gmail.com,7/21/1988,9/25/2016,88513
644265,Ms.,Avelina,I,Stoner,F,avelina.stoner@exxonmobil.com,10/1/1988,11/30/2010,157826
223871,Drs.,Christene,O,Mattison,F,christene.mattison@gmail.com,9/14/1990,9/13/2015,177224
338634,Ms.,Paz,T,Pearman,F,paz.pearman@gmil.com,2/28/1960,5/25/1982,144804